imdb_content_id,function
tt0383477,movie_budget_n_metacritic_scrape
tt0451272,movie_budget_n_metacritic_scrape
tt10075650,movie_budget_n_metacritic_scrape
tt10216812,movie_budget_n_metacritic_scrape
tt10699542,movie_budget_n_metacritic_scrape
tt10751528,movie_budget_n_metacritic_scrape
tt11384348,movie_budget_n_metacritic_scrape
tt11709094,movie_budget_n_metacritic_scrape
tt11749980,movie_budget_n_metacritic_scrape
tt11983318,movie_budget_n_metacritic_scrape
tt12381410,movie_budget_n_metacritic_scrape
tt12592664,movie_budget_n_metacritic_scrape
tt12883470,movie_budget_n_metacritic_scrape
tt1300856,movie_budget_n_metacritic_scrape
tt13143988,movie_budget_n_metacritic_scrape
tt13179918,movie_budget_n_metacritic_scrape
tt13236726,movie_budget_n_metacritic_scrape
tt13249100,movie_budget_n_metacritic_scrape
tt13276012,movie_budget_n_metacritic_scrape
tt13450482,movie_budget_n_metacritic_scrape
tt13507260,movie_budget_n_metacritic_scrape
tt13575922,movie_budget_n_metacritic_scrape
tt13582504,movie_budget_n_metacritic_scrape
tt13606158,movie_budget_n_metacritic_scrape
tt13633416,movie_budget_n_metacritic_scrape
tt13652420,movie_budget_n_metacritic_scrape
tt13667212,movie_budget_n_metacritic_scrape
tt13708182,movie_budget_n_metacritic_scrape
tt13711212,movie_budget_n_metacritic_scrape
tt2328678,movie_budget_n_metacritic_scrape
tt2328772,movie_budget_n_metacritic_scrape
tt2574538,movie_budget_n_metacritic_scrape
tt2599878,movie_budget_n_metacritic_scrape
tt2717870,movie_budget_n_metacritic_scrape
tt2725076,movie_budget_n_metacritic_scrape
tt2914056,movie_budget_n_metacritic_scrape
tt3756806,movie_budget_n_metacritic_scrape
tt4372572,movie_budget_n_metacritic_scrape
tt4473386,movie_budget_n_metacritic_scrape
tt4565764,movie_budget_n_metacritic_scrape
tt4998626,movie_budget_n_metacritic_scrape
tt5124396,movie_budget_n_metacritic_scrape
tt5546270,movie_budget_n_metacritic_scrape
tt6237930,movie_budget_n_metacritic_scrape
tt6587062,movie_budget_n_metacritic_scrape
tt7139662,movie_budget_n_metacritic_scrape
tt7681186,movie_budget_n_metacritic_scrape
tt7793262,movie_budget_n_metacritic_scrape
tt9179040,movie_budget_n_metacritic_scrape
tt9509046,movie_budget_n_metacritic_scrape
tt9635760,movie_budget_n_metacritic_scrape
tt9716058,movie_budget_n_metacritic_scrape
tt0383477,movie_content_scrape
tt0451272,movie_content_scrape
tt10075650,movie_content_scrape
tt10216812,movie_content_scrape
tt10699542,movie_content_scrape
tt10751528,movie_content_scrape
tt11384348,movie_content_scrape
tt11709094,movie_content_scrape
tt11749980,movie_content_scrape
tt11983318,movie_content_scrape
tt12381410,movie_content_scrape
tt12592664,movie_content_scrape
tt12883470,movie_content_scrape
tt1300856,movie_content_scrape
tt13143988,movie_content_scrape
tt13179918,movie_content_scrape
tt13236726,movie_content_scrape
tt13249100,movie_content_scrape
tt13276012,movie_content_scrape
tt13450482,movie_content_scrape
tt13507260,movie_content_scrape
tt13575922,movie_content_scrape
tt13582504,movie_content_scrape
tt13606158,movie_content_scrape
tt13633416,movie_content_scrape
tt13652420,movie_content_scrape
tt13667212,movie_content_scrape
tt13708182,movie_content_scrape
tt13711212,movie_content_scrape
tt2328678,movie_content_scrape
tt2328772,movie_content_scrape
tt2574538,movie_content_scrape
tt2599878,movie_content_scrape
tt2717870,movie_content_scrape
tt2725076,movie_content_scrape
tt2914056,movie_content_scrape
tt3756806,movie_content_scrape
tt4372572,movie_content_scrape
tt4473386,movie_content_scrape
tt4565764,movie_content_scrape
tt4998626,movie_content_scrape
tt5124396,movie_content_scrape
tt5546270,movie_content_scrape
tt6237930,movie_content_scrape
tt6587062,movie_content_scrape
tt7139662,movie_content_scrape
tt7681186,movie_content_scrape
tt7793262,movie_content_scrape
tt9179040,movie_content_scrape
tt9509046,movie_content_scrape
tt9635760,movie_content_scrape
tt9716058,movie_content_scrape
tt0383477,movie_crew_scrape
tt0451272,movie_crew_scrape
tt10075650,movie_crew_scrape
tt10216812,movie_crew_scrape
tt10699542,movie_crew_scrape
tt10751528,movie_crew_scrape
tt11384348,movie_crew_scrape
tt11709094,movie_crew_scrape
tt11749980,movie_crew_scrape
tt11983318,movie_crew_scrape
tt12381410,movie_crew_scrape
tt12592664,movie_crew_scrape
tt12883470,movie_crew_scrape
tt1300856,movie_crew_scrape
tt13143988,movie_crew_scrape
tt13179918,movie_crew_scrape
tt13236726,movie_crew_scrape
tt13249100,movie_crew_scrape
tt13276012,movie_crew_scrape
tt13450482,movie_crew_scrape
tt13507260,movie_crew_scrape
tt13575922,movie_crew_scrape
tt13582504,movie_crew_scrape
tt13606158,movie_crew_scrape
tt13633416,movie_crew_scrape
tt13652420,movie_crew_scrape
tt13667212,movie_crew_scrape
tt13708182,movie_crew_scrape
tt13711212,movie_crew_scrape
tt2328678,movie_crew_scrape
tt2328772,movie_crew_scrape
tt2574538,movie_crew_scrape
tt2599878,movie_crew_scrape
tt2717870,movie_crew_scrape
tt2725076,movie_crew_scrape
tt2914056,movie_crew_scrape
tt3756806,movie_crew_scrape
tt4372572,movie_crew_scrape
tt4473386,movie_crew_scrape
tt4565764,movie_crew_scrape
tt4998626,movie_crew_scrape
tt5124396,movie_crew_scrape
tt5546270,movie_crew_scrape
tt6237930,movie_crew_scrape
tt6587062,movie_crew_scrape
tt7139662,movie_crew_scrape
tt7681186,movie_crew_scrape
tt7793262,movie_crew_scrape
tt9179040,movie_crew_scrape
tt9509046,movie_crew_scrape
tt9635760,movie_crew_scrape
tt9716058,movie_crew_scrape
tt0383477,movie_keywords_scrape
tt0451272,movie_keywords_scrape
tt10075650,movie_keywords_scrape
tt10216812,movie_keywords_scrape
tt10699542,movie_keywords_scrape
tt10751528,movie_keywords_scrape
tt11384348,movie_keywords_scrape
tt11709094,movie_keywords_scrape
tt11749980,movie_keywords_scrape
tt11983318,movie_keywords_scrape
tt12381410,movie_keywords_scrape
tt12592664,movie_keywords_scrape
tt12883470,movie_keywords_scrape
tt1300856,movie_keywords_scrape
tt13143988,movie_keywords_scrape
tt13179918,movie_keywords_scrape
tt13236726,movie_keywords_scrape
tt13249100,movie_keywords_scrape
tt13276012,movie_keywords_scrape
tt13450482,movie_keywords_scrape
tt13507260,movie_keywords_scrape
tt13575922,movie_keywords_scrape
tt13582504,movie_keywords_scrape
tt13606158,movie_keywords_scrape
tt13633416,movie_keywords_scrape
tt13652420,movie_keywords_scrape
tt13667212,movie_keywords_scrape
tt13708182,movie_keywords_scrape
tt13711212,movie_keywords_scrape
tt2328678,movie_keywords_scrape
tt2328772,movie_keywords_scrape
tt2574538,movie_keywords_scrape
tt2599878,movie_keywords_scrape
tt2717870,movie_keywords_scrape
tt2725076,movie_keywords_scrape
tt2914056,movie_keywords_scrape
tt3756806,movie_keywords_scrape
tt4372572,movie_keywords_scrape
tt4473386,movie_keywords_scrape
tt4565764,movie_keywords_scrape
tt4998626,movie_keywords_scrape
tt5124396,movie_keywords_scrape
tt5546270,movie_keywords_scrape
tt6237930,movie_keywords_scrape
tt6587062,movie_keywords_scrape
tt7139662,movie_keywords_scrape
tt7681186,movie_keywords_scrape
tt7793262,movie_keywords_scrape
tt9179040,movie_keywords_scrape
tt9509046,movie_keywords_scrape
tt9635760,movie_keywords_scrape
tt9716058,movie_keywords_scrape
tt0383477,movie_synopsys_scrape
tt0451272,movie_synopsys_scrape
tt10075650,movie_synopsys_scrape
tt10216812,movie_synopsys_scrape
tt10699542,movie_synopsys_scrape
tt10751528,movie_synopsys_scrape
tt11384348,movie_synopsys_scrape
tt11709094,movie_synopsys_scrape
tt11749980,movie_synopsys_scrape
tt11983318,movie_synopsys_scrape
tt12381410,movie_synopsys_scrape
tt12592664,movie_synopsys_scrape
tt12883470,movie_synopsys_scrape
tt1300856,movie_synopsys_scrape
tt13143988,movie_synopsys_scrape
tt13179918,movie_synopsys_scrape
tt13236726,movie_synopsys_scrape
tt13249100,movie_synopsys_scrape
tt13276012,movie_synopsys_scrape
tt13450482,movie_synopsys_scrape
tt13507260,movie_synopsys_scrape
tt13575922,movie_synopsys_scrape
tt13582504,movie_synopsys_scrape
tt13606158,movie_synopsys_scrape
tt13633416,movie_synopsys_scrape
tt13652420,movie_synopsys_scrape
tt13667212,movie_synopsys_scrape
tt13708182,movie_synopsys_scrape
tt13711212,movie_synopsys_scrape
tt2328678,movie_synopsys_scrape
tt2328772,movie_synopsys_scrape
tt2574538,movie_synopsys_scrape
tt2599878,movie_synopsys_scrape
tt2717870,movie_synopsys_scrape
tt2725076,movie_synopsys_scrape
tt2914056,movie_synopsys_scrape
tt3756806,movie_synopsys_scrape
tt4372572,movie_synopsys_scrape
tt4473386,movie_synopsys_scrape
tt4565764,movie_synopsys_scrape
tt4998626,movie_synopsys_scrape
tt5124396,movie_synopsys_scrape
tt5546270,movie_synopsys_scrape
tt6237930,movie_synopsys_scrape
tt6587062,movie_synopsys_scrape
tt7139662,movie_synopsys_scrape
tt7681186,movie_synopsys_scrape
tt7793262,movie_synopsys_scrape
tt9179040,movie_synopsys_scrape
tt9509046,movie_synopsys_scrape
tt9635760,movie_synopsys_scrape
tt9716058,movie_synopsys_scrape
tt0383477,movie_technical_specs_scrape
tt0451272,movie_technical_specs_scrape
tt10075650,movie_technical_specs_scrape
tt10216812,movie_technical_specs_scrape
tt10699542,movie_technical_specs_scrape
tt10751528,movie_technical_specs_scrape
tt11384348,movie_technical_specs_scrape
tt11709094,movie_technical_specs_scrape
tt11749980,movie_technical_specs_scrape
tt11983318,movie_technical_specs_scrape
tt12381410,movie_technical_specs_scrape
tt12592664,movie_technical_specs_scrape
tt12883470,movie_technical_specs_scrape
tt1300856,movie_technical_specs_scrape
tt13143988,movie_technical_specs_scrape
tt13179918,movie_technical_specs_scrape
tt13236726,movie_technical_specs_scrape
tt13249100,movie_technical_specs_scrape
tt13276012,movie_technical_specs_scrape
tt13450482,movie_technical_specs_scrape
tt13507260,movie_technical_specs_scrape
tt13575922,movie_technical_specs_scrape
tt13582504,movie_technical_specs_scrape
tt13606158,movie_technical_specs_scrape
tt13633416,movie_technical_specs_scrape
tt13652420,movie_technical_specs_scrape
tt13667212,movie_technical_specs_scrape
tt13708182,movie_technical_specs_scrape
tt13711212,movie_technical_specs_scrape
tt2328678,movie_technical_specs_scrape
tt2328772,movie_technical_specs_scrape
tt2574538,movie_technical_specs_scrape
tt2599878,movie_technical_specs_scrape
tt2717870,movie_technical_specs_scrape
tt2725076,movie_technical_specs_scrape
tt2914056,movie_technical_specs_scrape
tt3756806,movie_technical_specs_scrape
tt4372572,movie_technical_specs_scrape
tt4473386,movie_technical_specs_scrape
tt4565764,movie_technical_specs_scrape
tt4998626,movie_technical_specs_scrape
tt5124396,movie_technical_specs_scrape
tt5546270,movie_technical_specs_scrape
tt6237930,movie_technical_specs_scrape
tt6587062,movie_technical_specs_scrape
tt7139662,movie_technical_specs_scrape
tt7681186,movie_technical_specs_scrape
tt7793262,movie_technical_specs_scrape
tt9179040,movie_technical_specs_scrape
tt9509046,movie_technical_specs_scrape
tt9635760,movie_technical_specs_scrape
tt9716058,movie_technical_specs_scrape
tt0383477,movie_tmdb_data_collection
tt0451272,movie_tmdb_data_collection
tt10075650,movie_tmdb_data_collection
tt10216812,movie_tmdb_data_collection
tt10699542,movie_tmdb_data_collection
tt10751528,movie_tmdb_data_collection
tt11384348,movie_tmdb_data_collection
tt11709094,movie_tmdb_data_collection
tt11749980,movie_tmdb_data_collection
tt11983318,movie_tmdb_data_collection
tt12381410,movie_tmdb_data_collection
tt12592664,movie_tmdb_data_collection
tt12883470,movie_tmdb_data_collection
tt1300856,movie_tmdb_data_collection
tt13143988,movie_tmdb_data_collection
tt13179918,movie_tmdb_data_collection
tt13236726,movie_tmdb_data_collection
tt13249100,movie_tmdb_data_collection
tt13276012,movie_tmdb_data_collection
tt13450482,movie_tmdb_data_collection
tt13507260,movie_tmdb_data_collection
tt13575922,movie_tmdb_data_collection
tt13582504,movie_tmdb_data_collection
tt13606158,movie_tmdb_data_collection
tt13633416,movie_tmdb_data_collection
tt13652420,movie_tmdb_data_collection
tt13667212,movie_tmdb_data_collection
tt13708182,movie_tmdb_data_collection
tt13711212,movie_tmdb_data_collection
tt2328678,movie_tmdb_data_collection
tt2328772,movie_tmdb_data_collection
tt2574538,movie_tmdb_data_collection
tt2599878,movie_tmdb_data_collection
tt2717870,movie_tmdb_data_collection
tt2725076,movie_tmdb_data_collection
tt2914056,movie_tmdb_data_collection
tt3756806,movie_tmdb_data_collection
tt4372572,movie_tmdb_data_collection
tt4473386,movie_tmdb_data_collection
tt4565764,movie_tmdb_data_collection
tt4998626,movie_tmdb_data_collection
tt5124396,movie_tmdb_data_collection
tt5546270,movie_tmdb_data_collection
tt6237930,movie_tmdb_data_collection
tt6587062,movie_tmdb_data_collection
tt7139662,movie_tmdb_data_collection
tt7681186,movie_tmdb_data_collection
tt7793262,movie_tmdb_data_collection
tt9179040,movie_tmdb_data_collection
tt9509046,movie_tmdb_data_collection
tt9635760,movie_tmdb_data_collection
tt9716058,movie_tmdb_data_collection
tt0280237,tv_series_content_scrape
tt10426770,tv_series_content_scrape
tt10709768,tv_series_content_scrape
tt10771904,tv_series_content_scrape
tt11112822,tv_series_content_scrape
tt11646232,tv_series_content_scrape
tt11857726,tv_series_content_scrape
tt12032504,tv_series_content_scrape
tt12602588,tv_series_content_scrape
tt12795100,tv_series_content_scrape
tt12926306,tv_series_content_scrape
tt12929228,tv_series_content_scrape
tt12975590,tv_series_content_scrape
tt13304884,tv_series_content_scrape
tt13439476,tv_series_content_scrape
tt13491806,tv_series_content_scrape
tt13540198,tv_series_content_scrape
tt13546248,tv_series_content_scrape
tt13563634,tv_series_content_scrape
tt13617024,tv_series_content_scrape
tt13627530,tv_series_content_scrape
tt13634306,tv_series_content_scrape
tt13642264,tv_series_content_scrape
tt13644978,tv_series_content_scrape
tt13653972,tv_series_content_scrape
tt13660064,tv_series_content_scrape
tt13669622,tv_series_content_scrape
tt13672408,tv_series_content_scrape
tt13684264,tv_series_content_scrape
tt13728044,tv_series_content_scrape
tt13731400,tv_series_content_scrape
tt13732684,tv_series_content_scrape
tt13751472,tv_series_content_scrape
tt2404379,tv_series_content_scrape
tt3681668,tv_series_content_scrape
tt7985576,tv_series_content_scrape
tt8325484,tv_series_content_scrape
tt9080518,tv_series_content_scrape
tt0280237,tv_series_crew_scrape
tt10426770,tv_series_crew_scrape
tt10709768,tv_series_crew_scrape
tt10771904,tv_series_crew_scrape
tt11112822,tv_series_crew_scrape
tt11646232,tv_series_crew_scrape
tt11857726,tv_series_crew_scrape
tt12032504,tv_series_crew_scrape
tt12602588,tv_series_crew_scrape
tt12795100,tv_series_crew_scrape
tt12926306,tv_series_crew_scrape
tt12929228,tv_series_crew_scrape
tt12975590,tv_series_crew_scrape
tt13304884,tv_series_crew_scrape
tt13439476,tv_series_crew_scrape
tt13491806,tv_series_crew_scrape
tt13540198,tv_series_crew_scrape
tt13546248,tv_series_crew_scrape
tt13563634,tv_series_crew_scrape
tt13617024,tv_series_crew_scrape
tt13627530,tv_series_crew_scrape
tt13634306,tv_series_crew_scrape
tt13642264,tv_series_crew_scrape
tt13644978,tv_series_crew_scrape
tt13653972,tv_series_crew_scrape
tt13660064,tv_series_crew_scrape
tt13669622,tv_series_crew_scrape
tt13672408,tv_series_crew_scrape
tt13684264,tv_series_crew_scrape
tt13728044,tv_series_crew_scrape
tt13731400,tv_series_crew_scrape
tt13732684,tv_series_crew_scrape
tt13751472,tv_series_crew_scrape
tt2404379,tv_series_crew_scrape
tt3681668,tv_series_crew_scrape
tt7985576,tv_series_crew_scrape
tt8325484,tv_series_crew_scrape
tt9080518,tv_series_crew_scrape
tt0280237,tv_series_details_scrape
tt10426770,tv_series_details_scrape
tt10709768,tv_series_details_scrape
tt10771904,tv_series_details_scrape
tt11112822,tv_series_details_scrape
tt11646232,tv_series_details_scrape
tt11857726,tv_series_details_scrape
tt12032504,tv_series_details_scrape
tt12602588,tv_series_details_scrape
tt12795100,tv_series_details_scrape
tt12926306,tv_series_details_scrape
tt12929228,tv_series_details_scrape
tt12975590,tv_series_details_scrape
tt13304884,tv_series_details_scrape
tt13439476,tv_series_details_scrape
tt13491806,tv_series_details_scrape
tt13540198,tv_series_details_scrape
tt13546248,tv_series_details_scrape
tt13563634,tv_series_details_scrape
tt13617024,tv_series_details_scrape
tt13627530,tv_series_details_scrape
tt13634306,tv_series_details_scrape
tt13642264,tv_series_details_scrape
tt13644978,tv_series_details_scrape
tt13653972,tv_series_details_scrape
tt13660064,tv_series_details_scrape
tt13669622,tv_series_details_scrape
tt13672408,tv_series_details_scrape
tt13684264,tv_series_details_scrape
tt13728044,tv_series_details_scrape
tt13731400,tv_series_details_scrape
tt13732684,tv_series_details_scrape
tt13751472,tv_series_details_scrape
tt2404379,tv_series_details_scrape
tt3681668,tv_series_details_scrape
tt7985576,tv_series_details_scrape
tt8325484,tv_series_details_scrape
tt9080518,tv_series_details_scrape
tt0280237,tv_series_keywords_scrape
tt10426770,tv_series_keywords_scrape
tt10709768,tv_series_keywords_scrape
tt10771904,tv_series_keywords_scrape
tt11112822,tv_series_keywords_scrape
tt11646232,tv_series_keywords_scrape
tt11857726,tv_series_keywords_scrape
tt12032504,tv_series_keywords_scrape
tt12602588,tv_series_keywords_scrape
tt12795100,tv_series_keywords_scrape
tt12926306,tv_series_keywords_scrape
tt12929228,tv_series_keywords_scrape
tt12975590,tv_series_keywords_scrape
tt13304884,tv_series_keywords_scrape
tt13439476,tv_series_keywords_scrape
tt13491806,tv_series_keywords_scrape
tt13540198,tv_series_keywords_scrape
tt13546248,tv_series_keywords_scrape
tt13563634,tv_series_keywords_scrape
tt13617024,tv_series_keywords_scrape
tt13627530,tv_series_keywords_scrape
tt13634306,tv_series_keywords_scrape
tt13642264,tv_series_keywords_scrape
tt13644978,tv_series_keywords_scrape
tt13653972,tv_series_keywords_scrape
tt13660064,tv_series_keywords_scrape
tt13669622,tv_series_keywords_scrape
tt13672408,tv_series_keywords_scrape
tt13684264,tv_series_keywords_scrape
tt13728044,tv_series_keywords_scrape
tt13731400,tv_series_keywords_scrape
tt13732684,tv_series_keywords_scrape
tt13751472,tv_series_keywords_scrape
tt2404379,tv_series_keywords_scrape
tt3681668,tv_series_keywords_scrape
tt7985576,tv_series_keywords_scrape
tt8325484,tv_series_keywords_scrape
tt9080518,tv_series_keywords_scrape
tt0280237,tv_series_synopsys_scrape
tt10426770,tv_series_synopsys_scrape
tt10709768,tv_series_synopsys_scrape
tt10771904,tv_series_synopsys_scrape
tt11112822,tv_series_synopsys_scrape
tt11646232,tv_series_synopsys_scrape
tt11857726,tv_series_synopsys_scrape
tt12032504,tv_series_synopsys_scrape
tt12602588,tv_series_synopsys_scrape
tt12795100,tv_series_synopsys_scrape
tt12926306,tv_series_synopsys_scrape
tt12929228,tv_series_synopsys_scrape
tt12975590,tv_series_synopsys_scrape
tt13304884,tv_series_synopsys_scrape
tt13439476,tv_series_synopsys_scrape
tt13491806,tv_series_synopsys_scrape
tt13540198,tv_series_synopsys_scrape
tt13546248,tv_series_synopsys_scrape
tt13563634,tv_series_synopsys_scrape
tt13617024,tv_series_synopsys_scrape
tt13627530,tv_series_synopsys_scrape
tt13634306,tv_series_synopsys_scrape
tt13642264,tv_series_synopsys_scrape
tt13644978,tv_series_synopsys_scrape
tt13653972,tv_series_synopsys_scrape
tt13660064,tv_series_synopsys_scrape
tt13669622,tv_series_synopsys_scrape
tt13672408,tv_series_synopsys_scrape
tt13684264,tv_series_synopsys_scrape
tt13728044,tv_series_synopsys_scrape
tt13731400,tv_series_synopsys_scrape
tt13732684,tv_series_synopsys_scrape
tt13751472,tv_series_synopsys_scrape
tt2404379,tv_series_synopsys_scrape
tt3681668,tv_series_synopsys_scrape
tt7985576,tv_series_synopsys_scrape
tt8325484,tv_series_synopsys_scrape
tt9080518,tv_series_synopsys_scrape
tt0280237,tv_series_technical_specs_scrape
tt10426770,tv_series_technical_specs_scrape
tt10709768,tv_series_technical_specs_scrape
tt10771904,tv_series_technical_specs_scrape
tt11112822,tv_series_technical_specs_scrape
tt11646232,tv_series_technical_specs_scrape
tt11857726,tv_series_technical_specs_scrape
tt12032504,tv_series_technical_specs_scrape
tt12602588,tv_series_technical_specs_scrape
tt12795100,tv_series_technical_specs_scrape
tt12926306,tv_series_technical_specs_scrape
tt12929228,tv_series_technical_specs_scrape
tt12975590,tv_series_technical_specs_scrape
tt13304884,tv_series_technical_specs_scrape
tt13439476,tv_series_technical_specs_scrape
tt13491806,tv_series_technical_specs_scrape
tt13540198,tv_series_technical_specs_scrape
tt13546248,tv_series_technical_specs_scrape
tt13563634,tv_series_technical_specs_scrape
tt13617024,tv_series_technical_specs_scrape
tt13627530,tv_series_technical_specs_scrape
tt13634306,tv_series_technical_specs_scrape
tt13642264,tv_series_technical_specs_scrape
tt13644978,tv_series_technical_specs_scrape
tt13653972,tv_series_technical_specs_scrape
tt13660064,tv_series_technical_specs_scrape
tt13669622,tv_series_technical_specs_scrape
tt13672408,tv_series_technical_specs_scrape
tt13684264,tv_series_technical_specs_scrape
tt13728044,tv_series_technical_specs_scrape
tt13731400,tv_series_technical_specs_scrape
tt13732684,tv_series_technical_specs_scrape
tt13751472,tv_series_technical_specs_scrape
tt2404379,tv_series_technical_specs_scrape
tt3681668,tv_series_technical_specs_scrape
tt7985576,tv_series_technical_specs_scrape
tt8325484,tv_series_technical_specs_scrape
tt9080518,tv_series_technical_specs_scrape
tt0280237,tv_series_tmdb_data_collection
tt10426770,tv_series_tmdb_data_collection
tt10709768,tv_series_tmdb_data_collection
tt10771904,tv_series_tmdb_data_collection
tt11112822,tv_series_tmdb_data_collection
tt11646232,tv_series_tmdb_data_collection
tt11857726,tv_series_tmdb_data_collection
tt12032504,tv_series_tmdb_data_collection
tt12602588,tv_series_tmdb_data_collection
tt12795100,tv_series_tmdb_data_collection
tt12926306,tv_series_tmdb_data_collection
tt12929228,tv_series_tmdb_data_collection
tt12975590,tv_series_tmdb_data_collection
tt13304884,tv_series_tmdb_data_collection
tt13439476,tv_series_tmdb_data_collection
tt13491806,tv_series_tmdb_data_collection
tt13540198,tv_series_tmdb_data_collection
tt13546248,tv_series_tmdb_data_collection
tt13563634,tv_series_tmdb_data_collection
tt13617024,tv_series_tmdb_data_collection
tt13627530,tv_series_tmdb_data_collection
tt13634306,tv_series_tmdb_data_collection
tt13642264,tv_series_tmdb_data_collection
tt13644978,tv_series_tmdb_data_collection
tt13653972,tv_series_tmdb_data_collection
tt13660064,tv_series_tmdb_data_collection
tt13669622,tv_series_tmdb_data_collection
tt13672408,tv_series_tmdb_data_collection
tt13684264,tv_series_tmdb_data_collection
tt13728044,tv_series_tmdb_data_collection
tt13731400,tv_series_tmdb_data_collection
tt13732684,tv_series_tmdb_data_collection
tt13751472,tv_series_tmdb_data_collection
tt2404379,tv_series_tmdb_data_collection
tt3681668,tv_series_tmdb_data_collection
tt7985576,tv_series_tmdb_data_collection
tt8325484,tv_series_tmdb_data_collection
tt9080518,tv_series_tmdb_data_collection
